[{"sequenceId":["default_workflow_6389a074ba7f2d00017d37ab"],"stepId":"34763","data":{"sections":[{"5_34763":["login_label:::","email_address_1:::","password_1:::","stay_signed_in_switch:::","forgot_psswrd:::","login_btn:::"]}],"blocks":[{"header_1_34764":[]}]}},{"sequenceId":["default_workflow_6389a074ba7f2d00017d37ab"],"stepId":"34765","data":{"sections":[{"5_34765":["pswrd_reset_label_1:::","pswrd_reset_label_2:::","psswrd_reset_txtfld:::","psswrd_reset_btn:::"]}],"blocks":[{"header_1_34764":[]}]}},{"sequenceId":["default_workflow_6389a074ba7f2d00017d37ab"],"stepId":"34769","data":{"sections":[{"5_34769":[]},{"10_34769":["sidebar_gb_000001:::","sidebar_generic_block:::"]},{"15_34769":["qr_code:::","asstets_btn_body:::","profile_tile:::"]}],"blocks":[{"header dashboard_34785":["edit_profile_000001:::","logout_000001:::"]}]}},{"sequenceId":["default_workflow_6389a074ba7f2d00017d37ab"],"stepId":"34770","data":{"sections":[{"0_34770":[]},{"5_34770":[]},{"10_34770":["sidebar_gb_001:::"]},{"15_34770":["create_form_qr:::","container_type:::","blend_type_00001:::","no_of_qr_code:::","create_qr_code_00001:::","print_qr_code_00001:::"]}],"blocks":[{"header dashboard_34785":["edit_profile_000001:::","logout_000001:::"]}]}},{"sequenceId":["default_workflow_6389a074ba7f2d00017d37ab"],"stepId":"34781","data":{"sections":[{"5_34781":[]},{"7_34781":["qr_icons_00001sidebar:::"]},{"10_34781":["qr_icons_00001:::","or_code_heading_00001:::","list_qr_code:::","btn_back_00001:::","Print_000001:::"]},{"15_34781":[]}],"blocks":[{"header dashboard_34785":["edit_profile_000001:::","logout_000001:::"]}]}}]