{"tid":"34763","step_name":"Login Step","screen_name":"Login Step","step_api_url":"","display_as_modal":0,"dismiss_modal":0,"conditional":false,"step_action":{"api_information":"","message_code":"","additional_parameters":[{"parameter_type":"stepBlocks","value":"header_1_34764"}]},"event_list":[],"step_style":{"background_color":"","background_image":{"path":"","asset_status":""},"resolution_unit":"","step_height":"","step_width":"","font_size":"","font_style":"","font_name":"","font_color":"","bootstrap_class_name":"","custom_class_name":"","header_footer_styling":{"header_view_description":{"desc":""},"footer_view_description":{"desc":""}}},"template":[],"dependency_condition":{"condition":[],"query":""},"meta_title":"","meta_description":"","section":[{"fields":[{"field_class_name":"","possible_value_query":"","field_label":"<h2>Login</h2>","tooltip":"","validation_messages":[],"event_list":[],"is_conditional_value":0,"comment_character_limit":0,"camera_config":{"camera_mode":"","supported_orientation":"","is_retry_enabled":"false","capture_button_display_text":"","retry_button_display_text":"","ok_button_display_text":"","enable_auto_capture":"false","enable_edge_detection":"false","enable_autofocus":"false"},"attachment":["",""],"field_character_limit":0,"has_comment":0,"additional_parameters":[],"conditional_value":[],"custom_settings":{"Provider":"","signature_panel":""},"possible_value_type":"Options","request_api_key":"","seq":5,"response_api_key":"","menu_id":"","unique_id":"login_label","link_config":[],"placeholder_text":"","is_editable":1,"is_mandatory":0,"mapConfig":{"datasource":"","mapProvider":"","mapMarkerImage":"","zoom":false,"pan":false,"defaultZoom":0,"mapLabelApiKey":"","mapLatitudeApiKey":"","mapLongitudeApiKey":"","mapInfoLabel":"","mapLayers":""},"mandatory_condition":{"condition":[],"query":""},"editable_condition":{"condition":[],"query":""},"validation_regex":"","api_key":"","possible_values":[],"field_type":"label","possible_value_api":"","display_condition":{"condition":[],"query":""},"field_style":{"bootstrap_class_name":"col-6","custom_class_name":"login-label-style","field_assets":[]},"field_values":[{"value":"","display_type":"","result_condition":{"display_step":""}}],"is_display":1,"repeatable_block_configuration":{"linked_block_id":"none","add_more_field_id":"none","remove_field_id":"none","add_more_field_label":"","remove_field_label":"","no_of_allowed_blocks":0},"custom_class_condition":{"condition":[],"query":""}},{"field_class_name":"","possible_value_query":"","field_label":"Email Address","tooltip":"","validation_messages":[],"event_list":[],"is_conditional_value":0,"comment_character_limit":0,"camera_config":{"camera_mode":"","supported_orientation":"","is_retry_enabled":"false","capture_button_display_text":"","retry_button_display_text":"","ok_button_display_text":"","enable_auto_capture":"false","enable_edge_detection":"false","enable_autofocus":"false"},"attachment":["",""],"field_character_limit":0,"has_comment":0,"additional_parameters":[],"conditional_value":[],"custom_settings":{"Provider":"","signature_panel":""},"possible_value_type":"Options","request_api_key":"","seq":10,"response_api_key":"","menu_id":"","unique_id":"email_address_1","link_config":[],"placeholder_text":"","is_editable":1,"is_mandatory":1,"mapConfig":{"datasource":"","mapProvider":"","mapMarkerImage":"","zoom":false,"pan":false,"defaultZoom":0,"mapLabelApiKey":"","mapLatitudeApiKey":"","mapLongitudeApiKey":"","mapInfoLabel":"","mapLayers":""},"mandatory_condition":{"condition":[],"query":""},"editable_condition":{"condition":[],"query":""},"validation_regex":"","api_key":"","message_code":"","possible_values":[],"field_type":"Textfield","possible_value_api":"","display_condition":{"condition":[],"query":""},"field_style":{"bootstrap_class_name":"col-12 email-add-parent","custom_class_name":"email-add-child","field_assets":[]},"field_values":[{"value":"","display_type":"","result_condition":{"display_step":""}}],"is_display":1,"repeatable_block_configuration":{"linked_block_id":"none","add_more_field_id":"none","remove_field_id":"none","add_more_field_label":"","remove_field_label":"","no_of_allowed_blocks":0},"custom_class_condition":{"condition":[],"query":""}},{"field_class_name":"","possible_value_query":"","field_label":"Password","tooltip":"","validation_messages":[],"event_list":[],"is_conditional_value":0,"comment_character_limit":0,"camera_config":{"camera_mode":"","supported_orientation":"","is_retry_enabled":"false","capture_button_display_text":"","retry_button_display_text":"","ok_button_display_text":"","enable_auto_capture":"false","enable_edge_detection":"false","enable_autofocus":"false"},"attachment":["",""],"field_character_limit":0,"has_comment":0,"additional_parameters":[],"conditional_value":[],"custom_settings":{"Provider":"","signature_panel":""},"possible_value_type":"Options","request_api_key":"","seq":15,"response_api_key":"","menu_id":"","unique_id":"password_1","link_config":[],"placeholder_text":"","is_editable":1,"is_mandatory":1,"mapConfig":{"datasource":"","mapProvider":"","mapMarkerImage":"","zoom":false,"pan":false,"defaultZoom":0,"mapLabelApiKey":"","mapLatitudeApiKey":"","mapLongitudeApiKey":"","mapInfoLabel":"","mapLayers":""},"mandatory_condition":{"condition":[],"query":""},"editable_condition":{"condition":[],"query":""},"validation_regex":"","api_key":"","message_code":"","possible_values":[],"field_type":"Password","possible_value_api":"","display_condition":{"condition":[],"query":""},"field_style":{"bootstrap_class_name":"col-12 psswrd-style","custom_class_name":"psswrd-child","field_assets":[]},"field_values":[{"value":"","display_type":"","result_condition":{"display_step":""}}],"is_display":1,"repeatable_block_configuration":{"linked_block_id":"none","add_more_field_id":"none","remove_field_id":"none","add_more_field_label":"","remove_field_label":"","no_of_allowed_blocks":0},"custom_class_condition":{"condition":[],"query":""}},{"field_class_name":"","possible_value_query":"","field_label":"Stay signed in","tooltip":"","validation_messages":[],"event_list":[],"is_conditional_value":0,"comment_character_limit":0,"camera_config":{"camera_mode":"","supported_orientation":"","is_retry_enabled":"false","capture_button_display_text":"","retry_button_display_text":"","ok_button_display_text":"","enable_auto_capture":"false","enable_edge_detection":"false","enable_autofocus":"false"},"attachment":["",""],"field_character_limit":0,"has_comment":0,"additional_parameters":[],"conditional_value":[],"custom_settings":{"Provider":"","signature_panel":""},"possible_value_type":"Options","request_api_key":"","seq":20,"response_api_key":"","menu_id":"","unique_id":"stay_signed_in_switch","link_config":[],"placeholder_text":"","is_editable":1,"is_mandatory":0,"mapConfig":{"datasource":"","mapProvider":"","mapMarkerImage":"","zoom":false,"pan":false,"defaultZoom":0,"mapLabelApiKey":"","mapLatitudeApiKey":"","mapLongitudeApiKey":"","mapInfoLabel":"","mapLayers":""},"mandatory_condition":{"condition":[],"query":""},"editable_condition":{"condition":[],"query":""},"validation_regex":"","api_key":"","message_code":"","possible_values":["0","1"],"field_type":"Switch","possible_value_api":"","display_condition":{"condition":[],"query":""},"field_style":{"bootstrap_class_name":"col-6 stay-signed-style","custom_class_name":"stay-signed-child","field_assets":[]},"field_values":[{"value":"","display_type":"","result_condition":{"display_step":""}}],"is_display":1,"repeatable_block_configuration":{"linked_block_id":"none","add_more_field_id":"none","remove_field_id":"none","add_more_field_label":"","remove_field_label":"","no_of_allowed_blocks":0},"custom_class_condition":{"condition":[],"query":""}},{"field_class_name":"","possible_value_query":"","field_label":"Forgot Password?","tooltip":"","validation_messages":[],"event_list":[{"event_id":"psswrd_reset_redirect_34766","event_params":[{"condition":[],"query":"","library_id":"","event_handler":"","event_config":{"display_step":"Password Reset"},"invoke_event_config":{"additional_parameters":[],"callback_config":{}}}],"display_type":"Step","event_name":"OnClick","isDefault":true,"next_event_id":""}],"is_conditional_value":0,"comment_character_limit":0,"camera_config":{"camera_mode":"","supported_orientation":"","is_retry_enabled":"false","capture_button_display_text":"","retry_button_display_text":"","ok_button_display_text":"","enable_auto_capture":"false","enable_edge_detection":"false","enable_autofocus":"false"},"attachment":["",""],"field_character_limit":0,"has_comment":0,"additional_parameters":[],"conditional_value":[],"custom_settings":{"Provider":"","signature_panel":""},"possible_value_type":"Options","request_api_key":"","seq":25,"response_api_key":"","menu_id":"","unique_id":"forgot_psswrd","link_config":[],"placeholder_text":"","is_editable":1,"is_mandatory":0,"mapConfig":{"datasource":"","mapProvider":"","mapMarkerImage":"","zoom":false,"pan":false,"defaultZoom":0,"mapLabelApiKey":"","mapLatitudeApiKey":"","mapLongitudeApiKey":"","mapInfoLabel":"","mapLayers":""},"mandatory_condition":{"condition":[],"query":""},"editable_condition":{"condition":[],"query":""},"validation_regex":"","api_key":"","message_code":"","possible_values":[],"field_type":"label","possible_value_api":"","display_condition":{"condition":[],"query":""},"field_style":{"bootstrap_class_name":"col-6 forgot-psswrd-style","custom_class_name":"forgot-psswrd-child","field_assets":[]},"field_values":[{"value":"","display_type":"","result_condition":{"display_step":""}}],"is_display":1,"repeatable_block_configuration":{"linked_block_id":"none","add_more_field_id":"none","remove_field_id":"none","add_more_field_label":"","remove_field_label":"","no_of_allowed_blocks":0},"custom_class_condition":{"condition":[],"query":""}},{"field_class_name":"","possible_value_query":"","field_label":"LOGIN","tooltip":"","validation_messages":[],"event_list":[{"event_id":"login_btn_to_dashboard_000001_34786","event_params":[{"condition":[],"query":"","library_id":"","event_handler":"","event_config":{"display_step":"Dashboard"},"invoke_event_config":{"additional_parameters":[],"callback_config":{}}}],"display_type":"Step","event_name":"OnClick","isDefault":true,"next_event_id":""},{"event_id":"login_btn_invokeLogin_34823","event_params":[{"condition":[],"query":"","library_id":"","event_handler":"Login/LoginInPopup/Logout","event_config":{"display_step":"Authentication"},"invoke_event_config":{"additional_parameters":[],"callback_config":{}}}],"display_type":"Framework","event_name":"OnClick","isDefault":true,"next_event_id":""}],"is_conditional_value":0,"comment_character_limit":0,"camera_config":{"camera_mode":"","supported_orientation":"","is_retry_enabled":"false","capture_button_display_text":"","retry_button_display_text":"","ok_button_display_text":"","enable_auto_capture":"false","enable_edge_detection":"false","enable_autofocus":"false"},"attachment":["",""],"field_character_limit":0,"has_comment":0,"additional_parameters":[{"parameter_type":"MandatoryCheck","value":"true"}],"conditional_value":[],"custom_settings":{"Provider":"","signature_panel":""},"possible_value_type":"Options","request_api_key":"","seq":30,"response_api_key":"","menu_id":"","unique_id":"login_btn","link_config":[],"placeholder_text":"","is_editable":1,"is_mandatory":0,"mapConfig":{"datasource":"","mapProvider":"","mapMarkerImage":"","zoom":false,"pan":false,"defaultZoom":0,"mapLabelApiKey":"","mapLatitudeApiKey":"","mapLongitudeApiKey":"","mapInfoLabel":"","mapLayers":""},"mandatory_condition":{"condition":[],"query":""},"editable_condition":{"condition":[],"query":""},"validation_regex":"","api_key":"","message_code":"","possible_values":[],"field_type":"Button","possible_value_api":"","display_condition":{"condition":[],"query":""},"field_style":{"bootstrap_class_name":"col-6 login-btn-style","custom_class_name":"login-btn-child","field_assets":[]},"field_values":[{"value":"","display_type":"","result_condition":{"display_step":""}}],"is_display":1,"repeatable_block_configuration":{"linked_block_id":"none","add_more_field_id":"none","remove_field_id":"none","add_more_field_label":"","remove_field_label":"","no_of_allowed_blocks":0},"custom_class_condition":{"condition":[],"query":""}}],"additional_parameters":[],"section_id":"5_34763","section_name":"Login Input Section","section_style":{"font_color":"","font_name":"","background_image":{"font_color":"","asset_status":""},"background_color":"","bootstrap_class_name":"col-6 login-input","custom_class_name":""},"section_class_name":"","conditional_mandatory":[{"condition":[],"query":""}],"conditional_visible":[{"condition":[],"query":""}],"conditional_editable":[{"condition":[],"query":""}],"events":[],"parent_section_id":""}]}